id,first_name,last_name,date_of_birth,gender,phone,email,address,city,state,zip_code,country,created_at,updated_at
1,Raynell,Brackenbury,10/29/1996 17:25,Female,1-(612)411-4996,rbrackenbury0@theglobeandmail.com,354 Redwing Crossing,Minneapolis,MN,55423,US,9/12/2016 9:46,11/21/2016 12:22
2,Fielding,Scurry,8/22/1996 1:20,Male,1-(360)718-4695,fscurry1@tripod.com,5 Cottonwood Pass,Olympia,WA,98506,US,8/16/2016 11:40,7/28/2016 4:09
3,Gibb,Nardoni,9/4/1995 23:57,Male,1-(801)299-1850,gnardoni2@alibaba.com,68 Crest Line Lane,Salt Lake City,UT,84115,US,5/25/2017 14:45,10/12/2016 13:25
4,Jason,Van Arsdall,2/25/1997 5:23,Male,1-(808)180-9645,jvanarsdall3@taobao.com,4904 Clarendon Way,Honolulu,HI,96820,US,9/16/2016 18:05,2/18/2017 1:17
5,Lillian,Larn,2/21/1997 12:41,Female,1-(516)446-0942,llarn4@soup.io,92 Sunbrook Center,Hicksville,NY,11854,US,5/2/2017 19:28,4/8/2017 10:40
6,Guido,Purdon,4/30/1999 0:35,Male,1-(202)597-7065,gpurdon5@g.co,6 Novick Parkway,Washington,DC,20226,US,10/27/2016 17:19,5/22/2017 4:02
7,Emmye,Fealy,9/7/1996 17:59,Female,1-(305)677-0356,efealy6@aol.com,810 Summer Ridge Terrace,Miami Beach,FL,33141,US,12/4/2016 15:38,7/11/2016 22:41
8,Timmy,Schafer,8/16/1998 11:15,Male,1-(434)112-4616,tschafer7@pen.io,9 Birchwood Drive,Lynchburg,VA,24503,US,2/12/2017 17:50,4/2/2017 21:59
9,Sherilyn,McDade,9/28/1997 23:40,Female,1-(316)866-8071,smcdade8@ezinearticles.com,9 Del Sol Center,Wichita,KS,67236,US,3/28/2017 10:02,1/17/2017 22:36
10,Wilfred,Teacy,5/28/1997 22:52,Male,1-(858)415-1904,wteacy9@fc2.com,765 Corscot Lane,San Diego,CA,92121,US,11/29/2016 4:21,4/23/2017 15:32
11,Radcliffe,Doey,9/2/1995 6:04,Male,1-(407)908-9225,rdoeya@ox.ac.uk,13 Dwight Drive,Orlando,FL,32854,US,9/26/2016 2:16,11/10/2016 6:06
12,Cecil,Peal,5/17/1997 5:29,Male,1-(716)911-9562,cpealb@accuweather.com,722 Blaine Hill,Buffalo,NY,14269,US,7/12/2016 19:05,12/14/2016 11:25
13,Eilis,Kermit,1/25/1996 6:18,Female,1-(253)824-0108,ekermitc@live.com,0809 Delladonna Parkway,Tacoma,WA,98417,US,3/14/2017 10:57,1/30/2017 21:48
14,Florida,Durrington,5/8/1996 23:06,Female,1-(903)313-3687,fdurringtond@cocolog-nifty.com,8 Utah Drive,Tyler,TX,75705,US,5/6/2017 5:41,10/22/2016 14:22
15,Lothaire,Priddy,8/23/1997 7:01,Male,1-(574)304-5407,lpriddye@home.pl,6234 Claremont Trail,South Bend,IN,46699,US,4/18/2017 22:33,1/7/2017 18:55
16,Rourke,Gosker,12/18/1996 23:45,Male,1-(318)808-5029,rgoskerf@xing.com,8 Hansons Junction,Boston,MA,2104,US,3/25/2017 5:29,5/4/2017 7:56
17,Ray,Vellender,9/8/1998 0:42,Female,1-(330)589-5404,rvellenderg@angelfire.com,72 Stone Corner Court,Akron,OH,44305,US,6/18/2016 7:56,1/30/2017 15:32
18,Isak,Skelhorne,10/11/1998 4:00,Male,1-(361)679-5838,iskelhorneh@mlb.com,69 Waywood Alley,Corpus Christi,TX,78465,US,12/8/2016 12:27,10/29/2016 1:21
19,Hanna,Lorie,6/23/1998 15:54,Female,1-(229)125-8566,hloriei@foxnews.com,6917 Erie Center,Albany,GA,31704,US,8/16/2016 18:21,1/30/2017 8:31
20,Jerri,Rogliero,8/10/1998 9:59,Male,1-(205)881-8465,jroglieroj@linkedin.com,3974 Elgar Way,Birmingham,AL,35263,US,8/9/2016 14:27,5/19/2017 8:09
21,Marline,Sarath,10/13/1996 22:25,Female,1-(512)909-0632,msarathk@taobao.com,7905 Roth Point,Round Rock,TX,78682,US,12/5/2016 8:37,1/2/2017 13:20
22,Patricia,Swanger,2/14/1997 18:38,Female,1-(651)711-3901,pswangerl@storify.com,742 Prentice Alley,Minneapolis,MN,55407,US,5/22/2017 1:57,5/15/2017 13:09
23,Odille,Gigg,12/15/1996 14:49,Female,1-(919)433-9773,ogiggm@wiley.com,34 Valley Edge Alley,Raleigh,NC,27615,US,2/18/2017 21:14,12/28/2016 13:22
24,Borg,Powell,6/1/1998 22:46,Male,1-(712)563-8976,bpowelln@wired.com,4652 Lukken Point,Omaha,NE,68134,US,4/4/2017 6:26,12/25/2016 11:05
25,Arlyn,Marks,3/19/1998 8:29,Female,1-(504)834-8915,amarkso@canalblog.com,4163 Heath Trail,New Orleans,LA,70154,US,11/21/2016 4:36,2/24/2017 0:43
26,Devin,Molineux,4/23/1999 4:34,Female,1-(713)311-3307,dmolineuxp@amazon.co.uk,0 Rieder Pass,Houston,TX,77206,US,1/17/2017 19:56,2/25/2017 2:43
27,Ralina,Cowie,12/6/1996 21:51,Female,1-(757)738-7812,rcowieq@booking.com,1 Coolidge Place,Newport News,VA,23605,US,8/7/2016 20:27,1/18/2017 17:03
28,Ephrem,Lester,11/14/1996 21:55,Male,1-(570)215-3704,elesterr@scribd.com,664 Barnett Plaza,Wilkes Barre,PA,18763,US,2/27/2017 1:30,1/4/2017 3:35
29,Nichole,Shelliday,12/11/1995 8:07,Female,1-(419)215-2108,nshellidays@digg.com,2335 Carberry Pass,Lima,OH,45807,US,12/9/2016 10:37,5/20/2017 6:57
30,Flynn,Sprott,7/14/1998 19:41,Male,1-(718)449-7609,fsprottt@stumbleupon.com,4 Hooker Parkway,Jamaica,NY,11480,US,10/19/2016 15:23,9/15/2016 19:19
31,Honoria,Heinsius,8/7/1996 19:14,Female,1-(559)978-8516,hheinsiusu@home.pl,069 Duke Point,Fullerton,CA,92640,US,5/28/2017 3:39,12/1/2016 18:43
32,Cordelie,Felipe,10/28/1997 7:48,Female,1-(203)396-3135,cfelipev@pbs.org,21429 Kingsford Plaza,Stamford,CT,6905,US,2/24/2017 3:09,3/3/2017 14:05
33,Faun,Kubas,3/30/1996 8:59,Female,1-(321)747-8632,fkubasw@cyberchimps.com,4174 Delladonna Lane,Palm Bay,FL,32909,US,10/19/2016 7:39,6/28/2016 9:01
34,Giles,Taborre,1/1/1998 19:45,Male,1-(312)676-5272,gtaborrex@china.com.cn,2 American Way,Chicago,IL,60657,US,4/2/2017 10:16,12/10/2016 0:42
35,Gasper,Grosvener,6/3/1999 23:42,Male,1-(651)142-4924,ggrosvenery@jugem.jp,5999 Park Meadow Parkway,Minneapolis,MN,55407,US,9/20/2016 23:41,12/23/2016 12:43
36,Alberik,Griffith,5/3/1996 12:12,Male,1-(713)237-8825,agriffithz@dmoz.org,320 Fair Oaks Road,Pasadena,TX,77505,US,10/5/2016 18:53,2/7/2017 23:11
37,Beatrice,Clissold,10/3/1995 13:41,Female,1-(937)526-0978,bclissold10@epa.gov,6399 Kennedy Avenue,Dayton,OH,45426,US,7/11/2016 23:41,3/5/2017 0:08
38,Winifield,Silversmid,9/12/1995 22:08,Male,1-(214)868-6729,wsilversmid11@mysql.com,8 Village Pass,Dallas,TX,75310,US,12/26/2016 16:22,5/25/2017 0:27
39,Luigi,Cortes,9/1/1995 7:39,Male,1-(816)585-2797,lcortes12@home.pl,480 Jackson Crossing,Kansas City,MO,64160,US,12/6/2016 13:07,10/16/2016 5:47
40,Mariam,Crippes,6/9/1998 23:54,Female,1-(903)580-7850,mcrippes13@dyndns.org,634 Browning Circle,Tyler,TX,75799,US,3/10/2017 15:16,9/14/2016 8:37
41,Edmund,Macvey,2/18/1996 9:18,Male,1-(757)472-9490,emacvey14@narod.ru,872 Spaight Parkway,Newport News,VA,23612,US,1/1/2017 18:42,5/27/2017 6:39
42,Anna,Denisyuk,3/27/1998 10:27,Female,1-(971)386-3404,adenisyuk15@state.gov,6 Graedel Parkway,Portland,OR,97229,US,1/26/2017 10:34,1/24/2017 7:21
43,Jyoti,Balcers,9/30/1996 19:08,Female,1-(518)622-7278,jbalcers16@flickr.com,0414 Red Cloud Point,Albany,NY,12237,US,8/17/2016 13:21,8/20/2016 2:39
44,Kyla,Hulburt,2/1/1999 13:56,Female,1-(713)530-6841,khulburt17@weather.com,61515 Warbler Road,Houston,TX,77212,US,8/3/2016 17:12,1/25/2017 15:03
45,Wilbert,Rowler,10/27/1995 11:25,Male,1-(972)360-5452,wrowler18@sakura.ne.jp,905 Nancy Trail,Dallas,TX,75205,US,5/14/2017 7:03,7/5/2016 9:41
46,Rockey,Cockerell,4/30/1998 12:55,Male,1-(562)815-1107,rcockerell19@dailymail.co.uk,9730 Norway Maple Point,Huntington Beach,CA,92648,US,9/20/2016 3:13,4/16/2017 20:21
47,Roxanna,Myderscough,2/10/1998 13:51,Female,1-(336)570-3860,rmyderscough1a@usa.gov,6965 Havey Alley,Greensboro,NC,27409,US,1/1/2017 0:01,10/31/2016 17:53
48,Lenard,Mullins,7/3/1995 19:36,Male,1-(617)759-0034,lmullins1b@narod.ru,3 Mayfield Point,Boston,MA,2203,US,9/7/2016 23:02,5/18/2017 16:34
49,Denys,Croser,2/9/1997 0:41,Female,1-(678)276-8929,dcroser1c@amazon.com,39404 Sunnyside Street,Atlanta,GA,30328,US,11/2/2016 22:01,8/21/2016 15:22
50,Wain,MacGaughey,10/14/1997 3:34,Male,1-(301)952-7682,wmacgaughey1d@clickbank.net,234 Jackson Hill,Hyattsville,MD,20784,US,11/30/2016 21:26,12/25/2016 20:54
51,Karolina,Tomczykiewicz,8/26/1997 15:00,Female,1-(215)907-0874,ktomczykiewicz1e@nationalgeographic.com,949 Rusk Plaza,Philadelphia,PA,19131,US,12/20/2016 2:43,11/8/2016 19:16
52,Zena,Shepstone,6/27/1995 15:02,Female,1-(813)226-3551,zshepstone1f@spotify.com,2459 Florence Place,Tampa,FL,33625,US,12/11/2016 8:57,10/13/2016 17:34
53,Barth,Trussell,12/25/1996 23:06,Male,1-(212)301-1880,btrussell1g@mit.edu,7 Hayes Hill,New York City,NY,10120,US,10/27/2016 16:31,7/8/2016 3:41
54,Tyne,Bridgland,5/1/1998 16:10,Female,1-(720)168-9691,tbridgland1h@netlog.com,60 Lillian Drive,Denver,CO,80228,US,8/27/2016 16:45,12/2/2016 18:32
55,Fianna,Amber,8/1/1995 10:54,Female,1-(702)168-8674,famber1i@hatena.ne.jp,942 Nobel Alley,Santa Barbara,CA,93111,US,9/17/2016 0:09,9/28/2016 17:36
56,Vern,Nijs,12/18/1996 16:58,Male,1-(916)778-5675,vnijs1j@posterous.com,5 Burrows Street,Sacramento,CA,94286,US,10/25/2016 3:08,8/2/2016 18:16
57,Eolanda,Bennitt,6/18/1997 13:22,Female,1-(202)659-4214,ebennitt1k@google.com,5 Cody Terrace,Washington,DC,20238,US,12/2/2016 7:22,10/19/2016 0:47
58,Remy,Gehricke,7/24/1996 15:22,Female,1-(757)573-1073,rgehricke1l@amazon.de,59 Karstens Hill,Herndon,VA,22070,US,6/14/2016 11:40,11/2/2016 8:53
59,Chiquita,Style,6/14/1997 22:37,Female,1-(682)347-0314,cstyle1m@sun.com,6387 Sunbrook Court,Fort Worth,TX,76192,US,12/22/2016 20:43,9/22/2016 21:51
60,Skipper,Chidler,4/23/1996 14:04,Male,1-(210)794-9000,schidler1n@wiley.com,52230 Glendale Court,San Antonio,TX,78260,US,11/30/2016 2:41,4/13/2017 18:54
61,Mercedes,O'Sharry,10/21/1996 8:24,Female,1-(415)369-7583,mosharry1o@barnesandnoble.com,1 Sunbrook Court,Hayward,CA,94544,US,7/20/2016 19:20,6/19/2016 13:19
62,Taddeusz,Minchin,6/19/1997 9:59,Male,1-(314)615-7666,tminchin1p@blogs.com,90 Prairieview Junction,Saint Louis,MO,63110,US,5/19/2017 23:33,8/2/2016 5:26
63,Yorgos,Pole,8/19/1998 11:18,Male,1-(859)322-5274,ypole1q@webnode.com,9530 Transport Hill,Lexington,KY,40591,US,10/17/2016 3:33,11/24/2016 5:51
64,Ginger,Lauridsen,8/19/1998 21:00,Male,1-(318)984-4462,glauridsen1r@newyorker.com,8652 La Follette Parkway,Alexandria,LA,71307,US,4/28/2017 16:14,12/9/2016 21:01
65,Des,Gledhall,3/11/1997 10:27,Male,1-(404)895-4594,dgledhall1s@wisc.edu,624 Debra Court,Marietta,GA,30066,US,4/15/2017 22:15,6/5/2017 3:41
66,Kaitlynn,Bowen,7/28/1998 23:17,Female,1-(805)348-7898,kbowen1t@usda.gov,45522 Barby Court,Bakersfield,CA,93311,US,2/28/2017 10:29,2/8/2017 10:38
67,Loria,Beirne,7/10/1998 14:39,Female,1-(425)631-6696,lbeirne1u@google.it,63 Burrows Terrace,Bellevue,WA,98008,US,6/13/2016 6:02,7/31/2016 12:03
68,Barnaby,Krzysztof,1/15/1997 2:00,Male,1-(573)907-0511,bkrzysztof1v@shop-pro.jp,9832 Pleasure Road,Jefferson City,MO,65105,US,11/17/2016 16:12,3/19/2017 8:44
69,Andriana,Aizikovitch,3/20/1999 13:52,Female,1-(843)424-1092,aaizikovitch1w@disqus.com,3229 Lerdahl Center,Florence,SC,29505,US,11/3/2016 23:05,7/2/2016 9:12
70,Kai,Spenton,1/25/1997 13:05,Female,1-(914)815-5082,kspenton1x@seesaa.net,38 Havey Point,Yonkers,NY,10705,US,11/12/2016 14:33,7/22/2016 8:31
71,Laurent,Stutard,8/17/1995 2:46,Male,1-(502)304-7712,lstutard1y@digg.com,1 Park Meadow Drive,Louisville,KY,40250,US,7/7/2016 23:04,9/25/2016 2:13
72,Allsun,Trevon,12/16/1995 4:08,Female,1-(508)226-9778,atrevon1z@cdbaby.com,5 Norway Maple Terrace,Newton,MA,2162,US,5/15/2017 15:45,11/18/2016 2:13
73,Malissa,Kleinmann,8/20/1998 8:16,Female,1-(917)432-9736,mkleinmann20@netscape.com,629 Elka Place,New York City,NY,10009,US,5/7/2017 18:41,11/20/2016 7:52
74,Rosetta,Grigoliis,5/23/1996 21:56,Female,1-(469)151-4421,rgrigoliis21@example.com,34 Red Cloud Pass,Dallas,TX,75251,US,2/16/2017 1:50,6/17/2016 16:36
75,Gardiner,Pyer,12/30/1995 7:40,Male,1-(859)529-1559,gpyer22@theguardian.com,81458 Dakota Way,Lexington,KY,40581,US,5/12/2017 21:29,7/11/2016 10:56
76,Gunner,Pickerill,8/17/1998 3:16,Male,1-(559)847-3328,gpickerill23@cpanel.net,4 Garrison Circle,Modesto,CA,95354,US,3/25/2017 3:05,11/14/2016 23:36
77,Agneta,Bourton,9/27/1998 18:35,Female,1-(303)924-5955,abourton24@sphinn.com,5 Hauk Trail,Boulder,CO,80305,US,12/5/2016 10:12,1/7/2017 10:01
78,Meyer,Blackden,10/16/1995 18:50,Male,1-(480)693-4614,mblackden25@mashable.com,546 Loomis Circle,Scottsdale,AZ,85271,US,2/19/2017 19:13,9/27/2016 9:00
79,Camille,Orum,8/9/1998 20:53,Female,1-(916)519-7562,corum26@google.de,1 Cottonwood Park,Sacramento,CA,94280,US,5/6/2017 4:07,7/3/2016 13:59
80,Dannie,Strand,6/20/1997 7:35,Male,1-(812)339-9316,dstrand27@domainmarket.com,6106 Killdeer Lane,Evansville,IN,47712,US,4/20/2017 9:35,3/2/2017 9:42
81,Russell,Wherrett,6/26/1996 5:33,Male,1-(915)262-7411,rwherrett28@skype.com,1200 Bobwhite Pass,El Paso,TX,79923,US,11/13/2016 20:53,2/6/2017 16:55
82,Jolene,Edward,9/24/1996 10:16,Female,1-(225)323-7435,jedward29@xing.com,578 Basil Park,Baton Rouge,LA,70836,US,5/23/2017 19:43,8/16/2016 20:23
83,Zarla,Antoinet,6/24/1996 0:05,Female,1-(302)575-8940,zantoinet2a@nydailynews.com,6 Havey Street,Newark,DE,19714,US,7/27/2016 11:10,7/6/2016 7:31
84,Lindsey,Candie,4/11/1997 5:02,Female,1-(847)982-6345,lcandie2b@hc360.com,46 Menomonie Crossing,Chicago,IL,60646,US,1/2/2017 15:19,3/9/2017 18:25
85,Kakalina,Kainz,9/19/1995 0:07,Female,1-(305)853-3709,kkainz2c@marriott.com,147 Ohio Junction,Miami,FL,33261,US,6/2/2017 10:22,11/17/2016 5:27
86,Donia,White,9/10/1997 13:28,Female,1-(816)337-0071,dwhite2d@instagram.com,97 Monument Alley,Independence,MO,64054,US,11/6/2016 4:02,3/21/2017 12:05
87,Victoria,Pierri,12/28/1996 13:43,Female,1-(904)844-8951,vpierri2e@usatoday.com,4862 Coolidge Pass,Jacksonville,FL,32204,US,1/10/2017 7:39,10/2/2016 6:33
88,Idalina,Lampart,5/21/1996 5:40,Female,1-(936)270-4194,ilampart2f@slideshare.net,77768 Melrose Parkway,Huntsville,TX,77343,US,5/26/2017 7:53,10/1/2016 0:51
89,Randa,Goodrich,7/24/1997 4:22,Female,1-(714)598-7259,rgoodrich2g@jalbum.net,56 Heffernan Crossing,Fullerton,CA,92835,US,11/6/2016 8:26,5/17/2017 6:17
90,Cordie,Dahlbom,1/10/1998 6:18,Male,1-(309)692-8050,cdahlbom2h@mail.ru,1809 Kedzie Lane,Peoria,IL,61635,US,1/8/2017 3:58,6/11/2016 15:01
91,Delmore,Meigh,3/29/1999 2:59,Male,1-(619)566-5358,dmeigh2i@stumbleupon.com,9230 Cordelia Park,San Diego,CA,92191,US,3/18/2017 2:35,11/16/2016 3:46
92,Matthias,Benner,3/20/1998 6:59,Male,1-(678)632-3712,mbenner2j@techcrunch.com,0 Thackeray Pass,Decatur,GA,30089,US,2/24/2017 10:04,3/24/2017 3:41
93,Yance,Tunsley,1/4/1997 19:30,Male,1-(239)799-0243,ytunsley2k@odnoklassniki.ru,79160 Declaration Lane,Naples,FL,34108,US,8/11/2016 11:55,8/14/2016 16:55
94,Frankie,Leverentz,5/25/1996 21:43,Female,1-(408)222-8624,fleverentz2l@sciencedaily.com,84 Golf View Circle,San Jose,CA,95150,US,11/30/2016 10:38,8/23/2016 17:02
95,Francene,McGrath,11/7/1995 13:30,Female,1-(518)953-8617,fmcgrath2m@unblog.fr,226 Amoth Hill,Albany,NY,12242,US,8/24/2016 12:05,5/15/2017 7:50
96,Aylmer,Dimitrie,2/1/1997 6:46,Male,1-(415)836-3182,adimitrie2n@a8.net,0 Nova Park,San Francisco,CA,94126,US,2/20/2017 12:33,5/6/2017 16:24
97,Lizette,Findon,4/6/1998 9:26,Female,1-(832)651-1268,lfindon2o@quantcast.com,06560 Carberry Terrace,Houston,TX,77201,US,4/7/2017 0:00,5/1/2017 23:21
98,Stacee,Ruffey,12/14/1997 19:53,Male,1-(831)249-2574,sruffey2p@163.com,232 Merry Circle,Santa Cruz,CA,95064,US,4/11/2017 3:42,7/29/2016 19:37
99,Gifford,Stoaks,2/24/1996 9:40,Male,1-(479)993-5432,gstoaks2q@spotify.com,94718 Susan Circle,Fort Smith,AR,72916,US,10/13/2016 13:52,5/23/2017 22:35
100,Shaylynn,Iwanowski,3/12/1996 4:51,Female,1-(917)263-4378,siwanowski2r@slashdot.org,38271 Bay Alley,Brooklyn,NY,11236,US,6/29/2016 15:45,2/18/2017 21:51
